[
  {
    "name": "Enfield, CT",
    "lat": 41.9765,
    "lng": -72.5920
  },
  {
    "name": "Enfield, CT",
    "lat": 41.9770,
    "lng": -72.5925
  },
  {
    "name": "Freeland, PA",
    "lat": 41.0165,
    "lng": -75.8977
  },
  {
    "name": "Port Angeles, WA",
    "lat": 48.1181,
    "lng": -123.4307
  },
  {
    "name": "Port Angeles, WA",
    "lat": 48.1186,
    "lng": -123.4312
  },
  {
    "name": "Fort Morgan, Colorado",
    "lat": 40.2503,
    "lng": -103.7999
  },
  {
    "name": "Groton, SD",
    "lat": 45.4483,
    "lng": -98.0956
  },
  {
    "name": "Groton, SD",
    "lat": 45.4488,
    "lng": -98.0961
  },
  {
    "name": "Fallon, NV",
    "lat": 39.4735,
    "lng": -118.7774
  },
  {
    "name": "Fallon, NV",
    "lat": 39.4740,
    "lng": -118.7779
  },
  {
    "name": "Fallon, NV",
    "lat": 39.4730,
    "lng": -118.7769
  },
  {
    "name": "Fallon, NV",
    "lat": 39.4745,
    "lng": -118.7784
  },
  {
    "name": "Fallon, NV",
    "lat": 39.4725,
    "lng": -118.7764
  },
  {
    "name": "Fallon, NV",
    "lat": 39.4750,
    "lng": -118.7789
  },
  {
    "name": "Fallon, NV",
    "lat": 39.4720,
    "lng": -118.7759
  },
  {
    "name": "North Richland Hills, TX",
    "lat": 32.8343,
    "lng": -97.2289
  },
  {
    "name": "Four Oaks, NC",
    "lat": 35.4454,
    "lng": -78.4281
  },
  {
    "name": "Four Oaks, NC",
    "lat": 35.4459,
    "lng": -78.4286
  },
  {
    "name": "Ormond Beach, FL",
    "lat": 29.2858,
    "lng": -81.0559
  },
  {
    "name": "Las Vegas, NV",
    "lat": 36.1699,
    "lng": -115.1398
  },
  {
    "name": "Las Vegas, NV",
    "lat": 36.1704,
    "lng": -115.1403
  },
  {
    "name": "Las Vegas, NV",
    "lat": 36.1694,
    "lng": -115.1393
  },
  {
    "name": "Auburndale, FL",
    "lat": 28.0653,
    "lng": -81.7887
  },
  {
    "name": "Sundance, WY",
    "lat": 44.4064,
    "lng": -104.3757
  },
  {
    "name": "Sundance, WY",
    "lat": 44.4069,
    "lng": -104.3762
  },
  {
    "name": "Newton, MA",
    "lat": 42.3370,
    "lng": -71.2092
  },
  {
    "name": "Newton, MA",
    "lat": 42.3375,
    "lng": -71.2097
  },
  {
    "name": "Locust, NC",
    "lat": 35.2590,
    "lng": -80.4253
  },
  {
    "name": "Fortville, IN",
    "lat": 39.9320,
    "lng": -85.8483
  },
  {
    "name": "Elm Grove, WI",
    "lat": 43.0447,
    "lng": -88.0784
  },
  {
    "name": "Lake Charles, LA",
    "lat": 30.2266,
    "lng": -93.2174
  },
  {
    "name": "Apple Valley, CA",
    "lat": 34.5008,
    "lng": -117.1859
  },
  {
    "name": "Ann Arbor, MI",
    "lat": 42.2808,
    "lng": -83.7430
  },
  {
    "name": "Reeds Spring, MO",
    "lat": 36.7445,
    "lng": -93.3929
  },
  {
    "name": "Howell, MI",
    "lat": 42.6073,
    "lng": -83.9294
  },
  {
    "name": "Polkton, NC",
    "lat": 35.0054,
    "lng": -80.2006
  },
  {
    "name": "San Francisco, CA",
    "lat": 37.7749,
    "lng": -122.4194
  },
  {
    "name": "Sherwood, TN",
    "lat": 35.1431,
    "lng": -86.1025
  },
  {
    "name": "Sherwood, TN",
    "lat": 35.1436,
    "lng": -86.1030
  },
  {
    "name": "Sparks, NV",
    "lat": 39.5349,
    "lng": -119.7527
  },
  {
    "name": "Fayetteville, GA",
    "lat": 33.4487,
    "lng": -84.4549
  },
  {
    "name": "Tomahawk, WI",
    "lat": 45.4705,
    "lng": -89.7304
  },
  {
    "name": "Tomahawk, WI",
    "lat": 45.4710,
    "lng": -89.7309
  },
  {
    "name": "Tomahawk, WI",
    "lat": 45.4700,
    "lng": -89.7299
  },
  {
    "name": "Tomahawk, WI",
    "lat": 45.4715,
    "lng": -89.7314
  },
  {
    "name": "Tomahawk, WI",
    "lat": 45.4695,
    "lng": -89.7294
  },
  {
    "name": "Tomahawk, WI",
    "lat": 45.4720,
    "lng": -89.7319
  },
  {
    "name": "Salem, OR",
    "lat": 44.9429,
    "lng": -123.0351
  },
  {
    "name": "Kilauea, HI",
    "lat": 22.2119,
    "lng": -159.4050
  },
  {
    "name": "Kilauea, HI",
    "lat": 22.2124,
    "lng": -159.4055
  },
  {
    "name": "Kilauea, HI",
    "lat": 22.2114,
    "lng": -159.4045
  },
  {
    "name": "Portland, OR",
    "lat": 45.5152,
    "lng": -122.6784
  }
]
